SubjectId,Name,ParentId,Level,NameChinese
3,Maths,,0,数学
32,Number,3.0,1,数论
33,BIDMAS,144.0,3,BIDMAS
34,Upper and Lower Bounds,141.0,3,上界和下界
35,Calculator Use,32.0,2,计算器使用
36,Decimals,32.0,2,小数
37,"Factors, Multiples and Primes",32.0,2,因数、倍数和质数
38,"Fractions, Decimals and Percentage Equivalence",32.0,2,分数、小数和百分比的等价性
39,Fractions,32.0,2,分数
40,"Indices, Powers and Roots",32.0,2,指数、幂和根
41,Basic Money,331.0,3,基本货币
42,Negative Numbers,32.0,2,负数
44,Percentages,32.0,2,百分比
45,Proportion,32.0,2,比例
46,Ratio,32.0,2,比例
47,Standard Form,40.0,3,标准形式
48,Surds,32.0,2,无理根式
49,Algebra,3.0,1,代数
50,Expanding Single Brackets,152.0,3,展开单括号
51,Expanding Double Brackets,152.0,3,展开双括号
52,Factorising into a Single Bracket,153.0,3,因式分解为单括号
53,Factorising into a Double Bracket,153.0,3,因式分解为双括号形式
54,Straight Line Graphs,49.0,2,直线图象
55,Quadratic Graphs,49.0,2,二次函数图像
56,Graphs of Trigonometric Functions,158.0,3,三角函数的图像
57,Cubics and Reciprocals,158.0,3,三次方程与倒数函数
58,Real Life Graphs,158.0,3,现实生活中的图表
59,Inequalities,49.0,2,不等式
60,Rearranging Formula and Equations,156.0,3,重排公式和方程
61,Sequences,49.0,2,数列
62,Writing and Simplifying Expressions,49.0,2,编写和简化表达式
63,Simultaneous Equations,154.0,3,联立方程
64,Linear Equations,154.0,3,线性方程
65,Quadratic Equations,154.0,3,二次方程
66,Solving Other Powers of x,154.0,3,求解其他x的幂次方
67,Substitution into Formula,156.0,3,代入公式
68,Transformation of Functions,49.0,2,函数变换
69,Trial and Improvement and Iterative Methods,154.0,3,试错法和迭代法
70,Writing Expressions,62.0,3,编写表达式
71,Geometry and Measure,3.0,1,几何与测量
72,3D Pythagoras,271.0,3,三维勾股定理
73,"Types, Naming and Estimating",74.0,3,类型、命名和估计
74,Angles,71.0,2,角
75,Area of Simple Shapes,178.0,3,简单图形的面积
76,Bearings,74.0,3,方位角
77,Circles,71.0,2,圆
78,Circle Theorems,74.0,3,圆的定理
79,Compound Measures,71.0,2,复合量度
80,Congruency in Triangles,272.0,3,三角形的全等性
81,Co-ordinates,49.0,2,坐标
83,"Construction, Loci and Scale Drawing",71.0,2,构造、轨迹和比例尺绘图
84,Properties of Polygons,174.0,3,多边形的性质
85,Nets,176.0,3,网
86,Perimeter,178.0,3,周长
87,Plans and Elevations,176.0,3,平面图和立面图
88,Properties of Quadrilaterals,174.0,3,四边形的性质
89,2D Pythagoras,271.0,3,2D 勾股定理
90,Length Scale Factors in Similar Shapes,272.0,3,相似形状中的长度比例因子
91,Symmetry,71.0,2,对称性
92,Reflection,278.0,3,反射
93,Rotation,278.0,3,旋转
94,Enlargement,278.0,3,放大
95,Translation and Vectors,278.0,3,平移与向量
96,Combined Transformations,278.0,3,组合变换
97,Basic Trigonometry,71.0,2,基础三角学
98,Units of Measurement,71.0,2,测量单位
99,Basic Vectors,71.0,2,基本向量
100,Volume and Surface Area,71.0,2,体积和表面积
101,Data and Statistics,3.0,1,数据与统计学
102,"Averages (mean, median, mode) from a List of Data",338.0,3,平均数（均值、中位数、众数）来自数据列表
103,Averages and Range from Grouped Data,338.0,3,分组数据的平均数和范围
104,Box Plots,342.0,3,箱线图
105,Cumulative Frequency Diagram,342.0,3,累积频率图
106,Block Graphs and Bar Charts,342.0,3,块图和条形图
107,Histogram,342.0,3,直方图
108,Pictogram,342.0,3,象形图
109,Pie Chart,342.0,3,饼图
110,Experimental Probability and Relative Frequency,348.0,3,实验概率与相对频率
111,Probability of Single Events,348.0,3,单个事件的概率
112,Tree Diagrams with Dependent Events,348.0,3,依赖事件的树状图
113,Data Collection,101.0,2,数据收集
114,Sampling and Bias,338.0,3,抽样与偏差
115,Scatter Diagram,342.0,3,散点图
116,Stem and Leaf Diagram,342.0,3,茎叶图
117,Time Series and Line Graphs,342.0,3,时间序列和折线图
118,Two Way Tables,342.0,3,双向表
119,Advanced Pure,3.0,1,高等纯数学
120,Factor Theorem,142.0,3,因式定理
121,Binomial Expansion,119.0,2,二项式展开
122,Complex Numbers,119.0,2,复数
123,Conic Sections,119.0,2,圆锥曲线
125,Differential Equations,126.0,3,微分方程
126,Differentiation,119.0,2,微分
128,Exponentials and Logarithms,119.0,2,指数与对数
129,Integration,119.0,2,积分
130,Matrices,119.0,2,矩阵
131,Modulus Function,146.0,3,模函数
133,Parametric Equations,119.0,2,参数方程
134,Partial Fractions,142.0,3,部分分式
135,Polar Co-ordinates,122.0,3,极坐标
137,Sequences and Series,119.0,2,数列与级数
139,Advanced Trigonometry,119.0,2,高等三角学
140,Advanced Vectors,119.0,2,高级向量
141,Rounding and Estimating,32.0,2,舍入和估算
142,Advanced Algebra,119.0,2,高等代数
144,Basic Arithmetic,32.0,2,基本算术
146,Functions,119.0,2,函数
149,Advanced Mechanics,3.0,1,高等力学
150,Advanced Decision,3.0,1,高级决策
151,Advanced Statistics,3.0,1,高等统计学
152,Expanding Brackets,49.0,2,展开括号
153,Factorising,49.0,2,因式分解
154,Solving Equations,49.0,2,解方程
156,Formula,49.0,2,公式
157,Writing Formula,156.0,3,编写公式
158,Other Graphs,49.0,2,其他图形
159,Equation of a Circle,158.0,3,圆的方程
160,Graphs of Exponentials and Other Powers of x,158.0,3,指数函数和其他x的幂的图像
163,Transformations of functions in the form y =,68.0,3,函数形式 y = 的变换
164,Transformations of functions in the form f(x),68.0,3,形式为 f(x) 的函数变换
165,Inequalities on Number Lines,59.0,3,数轴上的不等式
166,Solving Linear Inequalities,59.0,3,解线性不等式
167,Graphing Linear Inequalities (Shading Regions),59.0,3,绘制线性不等式（阴影区域）
168,Solving Quadratic Inequalities,59.0,3,解二次不等式
171,Linear Sequences (nth term),61.0,3,线性序列（第n项）
172,Quadratic Sequences,61.0,3,二次序列
173,Other Sequences,61.0,3,其他序列
174,2D Names and Properties of Shapes,71.0,2,2D图形的名称和性质
175,Properties of Triangles,174.0,3,三角形的性质
176,3D Shapes,71.0,2,三维图形
177,Names and Properties of 3D Shapes,176.0,3,三维图形的名称和性质
178,Perimeter and Area,71.0,2,周长和面积
179,Compound Area,178.0,3,复合面积
180,Measuring Angles,74.0,3,测量角度
181,"Basic Angle Facts (straight line, opposite, around a point, etc)",74.0,3,基本角度事实（直线，对顶角，围绕一点等）
182,Angle Facts with Parallel Lines,74.0,3,与平行线有关的角度事实
183,Angles in Polygons,74.0,3,多边形中的角
184,Parts of a Circle,77.0,3,圆的组成部分
185,Circumference,77.0,3,周长
186,Area of a Circle,77.0,3,圆的面积
187,Sectors of a Circle,77.0,3,圆的扇形
188,Surface Area of Prisms,100.0,3,棱柱的表面积
189,Volume of Prisms,100.0,3,棱柱的体积
190,Construct Angle,83.0,3,构造角
191,Construct Triangle,83.0,3,构造三角形
192,Construct Angle and Line Bisectors,83.0,3,构造角平分线和线段平分线
193,Loci Scenarios,83.0,3,轨迹情景
195,Length Units,98.0,3,长度单位
196,Area Units,98.0,3,面积单位
197,Volume and Capacity Units,98.0,3,体积和容量单位
198,Weight Units,98.0,3,重量单位
199,Temperature units,98.0,3,温度单位
200,Counting,144.0,3,计数
202,Place Value,144.0,3,位值
203,Mental Addition and Subtraction,144.0,3,心算加减法
204,Mental Multiplication and Division,144.0,3,心算乘法和除法
205,Written Addition,144.0,3,书面加法
206,Written Subtraction,144.0,3,书面减法
207,Written Multiplication,144.0,3,书面乘法
208,Written Division,144.0,3,除法书写
209,Time,98.0,3,时间
210,Ordering Negative Numbers,42.0,3,排列负数
211,Adding and Subtracting Negative Numbers,42.0,3,加减负数
212,Multiplying and Dividing Negative Numbers,42.0,3,负数的乘法和除法
213,"Rounding to the Nearest Whole (10, 100, etc)",141.0,3,"四舍五入到最接近的整数（10, 100, 等）"
214,Rounding to Decimal Places,141.0,3,四舍五入到小数位
215,Rounding to Significant Figures,141.0,3,四舍五入到有效数字
216,Estimation,141.0,3,估计
217,Basic Calculator Use,35.0,3,基本计算器使用
218,Advanced Calculator Use,35.0,3,高级计算器使用
219,Factors and Highest Common Factor,37.0,3,因数和最大公因数
220,Multiples and Lowest Common Multiple,37.0,3,倍数和最小公倍数
221,Prime Numbers and Prime Factors,37.0,3,质数和质因数
222,Ordering Decimals,36.0,3,排列小数
223,Adding and Subtracting with Decimals,36.0,3,小数的加法和减法
224,Multiplying and Dividing with Decimals,36.0,3,小数的乘法和除法
225,Fractions of an Amount,39.0,3,金额的分数
226,Equivalent Fractions,39.0,3,等值分数
227,Simplifying Fractions,39.0,3,简化分数
228,Ordering Fractions,39.0,3,排序分数
229,Converting Mixed Number and Improper Fractions,39.0,3,混合数与假分数的转换
230,Adding and Subtracting Fractions,39.0,3,加减分数
231,Multiplying Fractions,39.0,3,分数乘法
232,Dividing Fractions,39.0,3,分数除法
233,Percentages of an Amount,44.0,3,金额的百分比
234,Percentage Increase and Decrease,44.0,3,百分比增加和减少
235,Reverse Percentages (Original Amount),44.0,3,反百分比（原始金额）
236,Repeated Percentages and Compound Interest,44.0,3,重复百分比和复利
237,Converting between Fractions and Decimals,38.0,3,分数与小数的转换
238,Converting between Fractions and Percentages,38.0,3,分数与百分比之间的转换
239,Converting between Decimals and Percentages,38.0,3,在小数和百分数之间转换
240,Simplifying and Equivalent Ratios,46.0,3,简化和等价比例
241,Sharing in a Ratio,46.0,3,按比例分配
242,Find Missing Quantities,46.0,3,寻找缺失的量
243,Direct Proportion,45.0,3,正比例
244,Indirect (Inverse) Proportion,45.0,3,间接（反）比例
245,"Squares, Cubes, etc",40.0,3,平方、立方等
246,"Square Roots, Cube Roots, etc",40.0,3,平方根，立方根，等等。
247,Laws of Indices,40.0,3,指数法则
248,Simplifying Surds,48.0,3,简化根式
249,Operations with Surds,48.0,3,根式的运算
250,Rationalising the Denominator,48.0,3,有理化分母
251,Simplifying Expressions by Collecting Like Terms,62.0,3,通过合并同类项简化表达式
252,Multiplying Terms,62.0,3,乘法项
253,Dividing Terms,62.0,3,除法项
254,Difference of Two Squares,153.0,3,两数平方差
255,Algebraic Fractions,49.0,2,代数分数
256,Completing the Square,153.0,3,配方法
257,Plotting Lines from Tables of Values,54.0,3,从值表绘制直线
258,Horizontal and Vertical Lines,54.0,3,水平线和垂直线
259,Finding the Equation of a Line,54.0,3,求直线的方程
260,Finding the Gradient and Intercept of a Line from the Equation,54.0,3,从方程中找出直线的梯度和截距
261,Gradient as change in y over change in x,54.0,3,梯度作为y的变化量与x的变化量之比。
262,Parallel Lines,54.0,3,平行线
263,Perpendicular Lines,54.0,3,垂直线
264,Graphical Solution of Simultaneous Equations,54.0,3,同时方程的图解法
265,Plotting Quadratics from Tables of Values,55.0,3,从值表绘制二次函数图像
266,Sketching from Factorised Form,55.0,3,因式形式的简图绘制
267,Sketching from Completing the Square Form,55.0,3,从完成平方形式作图
268,Graphical Solution of Quadratic Equations,55.0,3,二次方程的图解法
269,"Speed, Distance, Time",79.0,3,速度，距离，时间
270,Density,79.0,3,密度
271,Pythagoras,71.0,2,毕达哥拉斯
272,Similarity and Congruency,71.0,2,相似与全等
273,"Length, Area and Volume Scale Factors",272.0,3,长度、面积和体积的比例因子
274,Congruency in Other Shapes,272.0,3,其他形状的全等性
275,Line Symmetry,91.0,3,线对称
276,Rotational Symmetry,91.0,3,旋转对称
277,3D Plane Symmetry,91.0,3,三维平面对称
278,Transformations,71.0,2,变换
279,Right-angled Triangles (SOHCAHTOA),97.0,3,直角三角形（SOHCAHTOA）
280,Non Right-angled Triangles (Sine and Cosine Rules),97.0,3,非直角三角形（正弦和余弦规则）
281,Area of Non Right-angled Triangles,97.0,3,非直角三角形的面积
282,Exact Values of Trigonometric Ratios,97.0,3,三角比的精确值
283,Add and Subtract Vectors,99.0,3,向量的加法和减法
284,Vector Geometry,99.0,3,向量几何
285,Algorithms,150.0,2,算法
286,Graphs and Networks,150.0,2,图与网络
287,Bipartite Graphs,150.0,2,二部图
288,Minimum Connector Problems,150.0,2,最小连接问题
289,Finding the Shortest Path,150.0,2,寻找最短路径
290,Route Inspection,150.0,2,路线检查
291,Travelling Salesperson,150.0,2,旅行推销员问题
292,Linear Programming,150.0,2,线性规划
293,Simplex Algorithm,150.0,2,单纯形算法
294,Network Flows,150.0,2,网络流
295,Critical Path Analysis,150.0,2,关键路径分析
296,Dynamic Programming,150.0,2,动态规划
297,Game Theory,150.0,2,博弈论
298,Kinematics,149.0,2,运动学
299,"Momentum, Collisions and Impulse",149.0,2,动量、碰撞和冲量
300,Vectors in Mechanics,149.0,2,力学中的向量
301,Forces and Equilibrium,149.0,2,力与平衡
302,Newton’s Laws of Motion,149.0,2,牛顿运动定律
303,Projectiles,149.0,2,抛射体
304,"Work, Energy and Power",149.0,2,功、能与功率
305,Centre of Mass,149.0,2,质心
306,Uniform and Non-Uniform Circular Motion,149.0,2,匀速和非匀速圆周运动
307,Simple Harmonic Motion,149.0,2,简谐运动
308,Elastic Springs and Strings,149.0,2,弹性弹簧和弦
309,Relative Velocity,149.0,2,相对速度
310,Angular Motion,149.0,2,角运动
311,Stability and Oscillations,149.0,2,稳定性和振荡
312,Moment of Inertia,149.0,2,转动惯量
313,Advanced Measures of Variation,151.0,2,高级变异度量
314,Coding,151.0,2,编码
315,Permutations and Combinations,151.0,2,排列与组合
316,Correlation,151.0,2,相关性
317,Regression,151.0,2,回归分析
318,Discrete Random Variables,151.0,2,离散随机变量
319,Continuous Random Variables,151.0,2,连续随机变量
320,Binomial Distribution,151.0,2,二项分布
321,Normal Distribution,151.0,2,正态分布
322,Student t Distribution,151.0,2,学生t分布
323,Confidence Intervals,151.0,2,置信区间
324,Hypothesis Testing,151.0,2,假设检验
325,Geometric Distribution,151.0,2,几何分布
326,Poisson Distribution,151.0,2,泊松分布
327,Chi-Squared Distribution,151.0,2,卡方分布
331,Money,32.0,2,货币
332,Currency Conversions,331.0,3,货币转换
334,Writing Ratios,46.0,3,写比率
335,Expanding Triple Brackets and more,152.0,3,扩展三重括号及更多
336,Tally Charts,113.0,3,计数表
337,Types of Data and Questionnaires,113.0,3,数据类型和问卷
338,Data Processing,101.0,2,数据处理
339,Range and Interquartile Range from a List of Data,338.0,3,从数据列表中求范围和四分位距
340,Averages and Range from Frequency Table,338.0,3,频率表中的平均数和范围
341,Interpreting and Comparing Data using Averages and Range,338.0,3,使用平均数和范围解释和比较数据
342,Data Representation,101.0,2,数据表示
343,Frequency Diagram and Frequency Polygon,342.0,3,频率图和频率多边形
344,Venn Diagrams,342.0,3,维恩图
348,Probability,101.0,2,概率论
349,Combined Events,348.0,3,联合事件
350,Tree Diagrams with Independent Events,348.0,3,独立事件的树状图
351,Using the Probability Addition Formula,348.0,3,使用概率加法公式
352,Using the Conditional Probability Formula,348.0,3,使用条件概率公式
353,Probability with Venn Diagrams,348.0,3,概率与文氏图
354,Algebraic Division,142.0,3,代数除法
355,Remainder Theorem,142.0,3,余数定理
356,Algebraic Fractions,142.0,3,代数分数
357,Pascal's Triangle,121.0,3,帕斯卡三角形
358,Using the nCr Button,121.0,3,使用nCr按钮
359,"Expanding (a + bx)ⁿ, where n is a positive integer",121.0,3,展开 (a + bx)ⁿ，其中 n 是一个正整数。
360,"Expanding (a + bx)ⁿ, where n is a negative integer or a fraction",121.0,3,展开 (a + bx)ⁿ，其中 n 是一个负整数或分数。
361,Arithmetic Sequences,137.0,3,等差数列
362,Geometric Sequences,137.0,3,几何数列
363,Sum to Infinity,137.0,3,无穷求和
365,Recurrence Relations,137.0,3,递推关系
366,Sigma Notation,137.0,3,求和符号
367,Summing Series,137.0,3,级数求和
368,Maclaurin Series,137.0,3,麦克劳林级数
369,Basic dy/dx,126.0,3,基本的dy/dx
370,Differentiation from First Principals,126.0,3,从第一原理求导数
371,Finding the Gradient,126.0,3,求梯度
372,Finding Maximums and Minimums,126.0,3,寻找最大值和最小值
373,Points of Inflection,126.0,3,拐点
374,Increasing and Decreasing Functions,126.0,3,增函数和减函数
375,Equations of Tangents,126.0,3,切线方程
376,Equations of Normals,126.0,3,法线方程
377,Second Order Derivative,126.0,3,二阶导数
378,Chain Rule,126.0,3,链式法则
379,Product Rule,126.0,3,乘积法则
380,Quotient Rule,126.0,3,商法则
381,Differentiation Involving Trigonometric Functions,126.0,3,涉及三角函数的微分
382,Differentiation Involving Inverse Trigonometric Functions,126.0,3,涉及反三角函数的微分
383,Differentiation Involving Logs,126.0,3,涉及对数的微分
384,Differentiation Involving Exponentials,126.0,3,涉及指数的微分
385,Implicit Differentiation,126.0,3,隐式微分
386,Exponential Growth and Decay,126.0,3,指数增长与衰减
387,Differentiation in Context,126.0,3,情境中的微分
388,Basic Indefinite Integration,129.0,3,基本不定积分
389,Basic Definite Integration,129.0,3,基本定积分
390,Area Under a Curve,129.0,3,曲线下的面积
391,Area Between Two Functions,129.0,3,两函数之间的面积
392,Finding the Equation of a Curve from dy/dx,129.0,3,从dy/dx求曲线方程
393,Trapezium Rule,129.0,3,梯形法则
394,Simpson's Rule,129.0,3,辛普森法则
395,Integration by Parts,129.0,3,分部积分法
396,Volume of Revolution,129.0,3,旋转体体积
397,Integration Involving Trigonometric Functions,129.0,3,涉及三角函数的积分
398,Integration Involving Logs,129.0,3,涉及对数的积分
399,Integration Involving Exponentials,129.0,3,涉及指数的积分
400,Integration Involving Partial Fractions,129.0,3,涉及部分分式的积分
401,Improper Integrals and Limits to Infinity,129.0,3,反常积分与无穷极限
402,Integration in Context,129.0,3,积分的应用背景
403,Graphs of Curves Defined Parametrically,133.0,3,参数定义的曲线图形
404,Converting between Parametric and Cartesian Forms,133.0,3,在参数形式和直角坐标形式之间转换
405,Parametric Differentiation,133.0,3,参数微分
406,Naming Co-ordinates in 2D,81.0,3,在二维中命名坐标
407,Naming Co-ordinates in 3D,81.0,3,在三维中命名坐标
408,Midpoint Between Two Co-ordinates,81.0,3,两个坐标之间的中点
409,Gradient Between Two Co-ordinates,81.0,3,两点之间的梯度
410,Distance Between Two Co-ordinates,81.0,3,两点之间的距离
411,Radians,119.0,2,弧度制
412,Converting Between Degrees and Radians,411.0,3,度数与弧度的转换
413,Length of an Arc,411.0,3,弧长
414,Area of a Sector,411.0,3,扇形面积
415,Area of a Segment,411.0,3,扇形面积
416,Solving Basic Trigonometric Equations,139.0,3,解基本三角方程
417,Basic Trigonometric Identities,139.0,3,基本三角恒等式
418,Reciprocal Trigonometric Identities,139.0,3,互为倒数的三角恒等式
419,Compound and Double Angle Trigonometric Identities,139.0,3,复合角和二倍角三角恒等式
420,Solving Trigonometric Equations Using Identities,139.0,3,使用恒等式解三角方程
421,Converting and solving with the form acos(x) + bsin(x),139.0,3,将形式为acos(x) + bsin(x)的表达式进行转换和求解。
422,Graphs of Reciprocal Trigonometric Functions,139.0,3,互余三角函数的图像
423,Graphs of Inverse Trigonometric Functions,139.0,3,反三角函数的图像
424,General Solutions of Trigonometric Equations,139.0,3,三角方程的通解
425,Numerical Methods,119.0,2,数值方法
426,Approximation of Roots,425.0,3,根的近似
427,Interval Bisection,425.0,3,区间二分法
428,Euler's Method,425.0,3,欧拉方法
429,Newton-Rhapson Method,425.0,3,牛顿-拉夫森方法
430,Laws of Logarithms,128.0,3,对数定律
431,Solving Equations with Exps and Logs,128.0,3,解含有指数和对数的方程
432,Graphs of Exp and Log Functions,128.0,3,指数函数和对数函数的图像
433,Linear Laws,128.0,3,线性定律
434,Function Notation,146.0,3,函数表示法
435,Domain and Range,146.0,3,定义域和值域
436,Inverse Functions,146.0,3,反函数
437,Composite Functions,146.0,3,复合函数
438,Advanced Transformation of Functions,146.0,3,函数的高级变换
439,Angles in Triangles,74.0,3,三角形中的角
440,Vector Notation,140.0,3,向量表示法
441,Addition and Subtraction of Vectors,140.0,3,向量的加法和减法
442,Position Vectors and Geometrical Applications,140.0,3,位置向量及其几何应用
443,Scalar Product,140.0,3,标量积
444,Vector Equation of a Line,140.0,3,直线的向量方程
445,Vector Product,140.0,3,向量积
446,Addition and Subtraction of Matrices,130.0,3,矩阵的加法和减法
447,Multiplication of Matrices,130.0,3,矩阵乘法
448,Transformations of Matrices,130.0,3,矩阵变换
449,Determinants and Inverses of 2×2,130.0,3,2×2矩阵的行列式和逆矩阵
450,Determinants and Inverses of 3×3,130.0,3,3×3矩阵的行列式和逆矩阵
451,Roots of Polynomials,119.0,2,多项式的根
452,Quadratic Equations,451.0,3,二次方程
453,Cubic Equations,451.0,3,三次方程
454,Roots of Other Polynomials,451.0,3,其他多项式的根
455,Operations with Complex Numbers,122.0,3,复数的运算
456,Complex Conjugates,122.0,3,复共轭
457,Solving Equations with Complex Numbers,122.0,3,用复数解方程
458,Roots of Equations with Complex Numbers,122.0,3,复数方程的根
459,Argand Diagrams,122.0,3,阿尔冈图
460,Modulus and Argument,122.0,3,模和辐角
461,Complex Numbers in Polar Form,122.0,3,复数的极坐标形式
462,"Co-ordinate Geometry Problems (tangents, normals)",126.0,3,坐标几何问题（切线，法线）
463,Further Functions,119.0,2,进一步的函数
464,Graphs of Rational Functions,463.0,3,有理函数的图像
465,Hyperbolic Functions,463.0,3,双曲函数
466,Parabolas,123.0,3,抛物线
467,Ellipses,123.0,3,椭圆
468,Hyperbolas,123.0,3,双曲线
469,Rectangular Hyperbolas,123.0,3,矩形双曲线
470,Group Theory,119.0,2,群论
471,Structures and Operations,470.0,3,结构与运算
472,Properties of Groups,470.0,3,群的性质
473,Types of Groups,470.0,3,群的类型
474,Standard Deviation and Variance from Discrete Data,313.0,3,离散数据的标准差和方差
475,Standard Deviation and Variance from Frequency Table,313.0,3,从频率表计算标准差和方差
476,Standard Deviation and Variance from Grouped Data,313.0,3,分组数据的标准差和方差
477,Using of Statistical Functions on Calculator,313.0,3,在计算器上使用统计函数
478,Coding with Mean,314.0,3,均值编码
479,Coding with Standard Deviation and Variance,314.0,3,用标准差和方差编码
480,Factorial Notation,315.0,3,阶乘符号
481,Arrangements,315.0,3,排列
482,Permutations,315.0,3,排列
483,Combinations,315.0,3,组合数学
484,Product Moment Correlation Co-efficient,316.0,3,积矩相关系数
485,Coding,316.0,3,编码
486,Independent and Dependent Variables,317.0,3,自变量和因变量
487,Regression Equation,317.0,3,回归方程
488,Residuals,317.0,3,残差
489,Probability Mass Function,318.0,3,概率质量函数
490,Expectation of a Discrete Random Variable,318.0,3,离散随机变量的期望值
491,Variance of a Discrete Random Variable,318.0,3,离散随机变量的方差
492,Probability Density Function,319.0,3,概率密度函数
493,Expectation of a Continuous Random Variable,319.0,3,连续随机变量的期望值
494,Variance of a Continuous Random Variable,319.0,3,连续随机变量的方差
495,Cumulative Distribution Function,319.0,3,累积分布函数
496,Rectangular Distribution,319.0,3,矩形分布
497,Conditions for Binomial Distribution,320.0,3,二项分布的条件
498,Writing the Binomial Distribution,320.0,3,二项分布的写作
499,Using the Binomial Formula,320.0,3,使用二项式公式
500,Using the Binomial Tables,320.0,3,使用二项式表
501,Conditions for Normal Distribution,321.0,3,正态分布的条件
502,Writing the Normal Distribution,321.0,3,编写正态分布
503,Finding the Value of z given a Probability,321.0,3,给定概率求z值
504,Standardising a Normal Distribution,321.0,3,标准化正态分布
505,Using the Normal Distribution Tables,321.0,3,使用正态分布表
506,Central Limit Theorem,321.0,3,中心极限定理
507,Conditions for Student t Distribution,322.0,3,学生t分布的条件
508,Writing the Student t Distribution,322.0,3,编写学生t分布
509,Finding the Value of t given a Probability,322.0,3,给定概率下求t的值
510,Using the Student t Tables,322.0,3,使用t分布表
511,Deciding on the Distribution,323.0,3,决定分布
512,Calculating the Multiplier,323.0,3,计算乘数
513,Calculating the Standard Error,323.0,3,计算标准误差
514,Using Confidence Intervals to Make Conclusions,323.0,3,使用置信区间做出结论
515,Writing H0 and H1,324.0,3,写作 H0 和 H1
516,Deciding on the Distribution,324.0,3,决定分布
517,Calculating the Test Statistic,324.0,3,计算检验统计量
518,Working Out the Critical Value,324.0,3,计算临界值
519,Accepting or Rejecting H0,324.0,3,接受或拒绝H0
520,Type 1 and Type 2 Errors,324.0,3,第一类错误和第二类错误
521,Conditions for the Geometric Distribution,325.0,3,几何分布的条件
522,Writing the Geometric Distribution,325.0,3,几何分布的写作
523,Using the Geometric Formula,325.0,3,使用几何公式
524,Using the Geometric Tables,325.0,3,使用几何表
525,Conditions for the Poisson Distribution,326.0,3,泊松分布的条件
526,Writing the Poisson Distribution,326.0,3,编写泊松分布
527,Using the Poisson Formula,326.0,3,使用泊松公式
528,Using the Poisson Tables,326.0,3,使用泊松表
529,Poisson Questions in Context,326.0,3,泊松问题的应用背景
530,Conditions for the Chi-Squared Distribution,327.0,3,卡方分布的条件
531,Writing the Chi-Squared Distribution,327.0,3,编写卡方分布
532,Working with Contingency Tables,327.0,3,处理列联表
533,Using the Chi-Squared Tables,327.0,3,使用卡方分布表
534,Yates' Correction,327.0,3,耶茨校正
535,Equations of Motion (SUVAT),298.0,3,运动方程（SUVAT）
536,Equations for General Linear Motion,298.0,3,一般线性运动的方程
537,Linear Motion Under a Variable Force,298.0,3,变力作用下的直线运动
538,Vector and Scalar Quantities,298.0,3,矢量和标量
539,Velocity-Time Graphs,298.0,3,速度-时间图象
540,Displacement-Time Graphs,298.0,3,位移-时间图
541,"Displacement, Velocity and Acceleration",298.0,3,位移、速度和加速度
542,Equations for Linear Momentum,299.0,3,线性动量方程
543,Conservation of Momentum,299.0,3,动量守恒
544,Newton's Experimental Law,299.0,3,牛顿的实验定律
545,Coefficient of Restitution,299.0,3,恢复系数
546,Impulse as Change in Momentum,299.0,3,冲量作为动量的变化
547,Impact of Two Smooth Spheres,299.0,3,两光滑球体的碰撞影响
549,Problems Involving Impulse and Momentum,299.0,3,涉及冲量和动量的问题
550,Vector Nature of Forces,300.0,3,力的矢量性质
551,Resultant of Two or More Forces,300.0,3,两个或多个力的合力
552,Resolve Forces,300.0,3,分解力
553,i and j Notation,300.0,3,i和j记号
554,Weight and Mass,301.0,3,重量和质量
555,Newton's Second Law F = ma,301.0,3,牛顿第二定律 F = ma
556,Forces Diagrams,301.0,3,力图
557,Newton's First Law,301.0,3,牛顿第一定律
558,"Limits of Modelling Contact as ""Smooth""",301.0,3,将接触建模为“光滑”的极限
559,Limiting Friction and Limiting Equilibrium,301.0,3,极限摩擦和极限平衡
560,Coefficient of Friction,301.0,3,摩擦系数
561,Moments of Force About a Point,301.0,3,力矩关于一点
562,Principle of Moments,301.0,3,力矩原理
563,Toppling and Sliding,301.0,3,倾倒和滑动
564,Linear Motion,302.0,3,线性运动
565,Vertical Motion,302.0,3,垂直运动
566,Inclined Planes,302.0,3,斜面
567,Motion of Two Connected Particles,302.0,3,两个连接粒子的运动
568,Newton's Third Law,302.0,3,牛顿第三定律
569,Model using Constant Acceleration,303.0,3,使用恒定加速度建模
570,Horizontal and Vertical Equations of Motion,303.0,3,水平和垂直运动方程
571,Greatest Height and Max Range,303.0,3,最大高度和最大射程
572,Equation of Trajectory,303.0,3,轨迹方程
573,Gravitational Potential Energy,304.0,3,重力势能
574,Kinetic Energy,304.0,3,动能
575,Work Done,304.0,3,已完成工作
576,Power,304.0,3,幂
577,Change in Energy and Work Done,304.0,3,能量变化和所做的功
578,Gravity on Rigid Bodies,305.0,3,刚体上的重力
579,Locate Centre of Mass,305.0,3,确定质心位置
580,Triangular Laminar and Other Simple Shapes,305.0,3,三角薄片及其他简单形状
581,Composite Rigid Bodies,305.0,3,复合刚体
582,Find Centre of Mass using Integration,305.0,3,用积分求质心
583,Angular Velocity,306.0,3,角速度
584,Acceleration,306.0,3,加速度
585,Vertical Circles (Components of Acceleration),306.0,3,垂直圆（加速度的分量）
586,Points where Circular Motion Breaks Down,306.0,3,圆周运动的断裂点
587,Equations of Simple Harmonic Motion,307.0,3,简谐运动方程
588,Period and Amplitude,307.0,3,周期和振幅
589,Small Angle Approximations,307.0,3,小角度近似
590,Simple Pendulum,307.0,3,单摆
591,Hooke's Law,308.0,3,胡克定律
592,Elastic Potential Energy,308.0,3,弹性势能
593,Modulus of Elasticity,308.0,3,弹性模量
594,Relative Velocity Equation,309.0,3,相对速度方程
595,Constant Angular Acceleration,310.0,3,恒定角加速度
596,Relative Velocity and Displacement,310.0,3,相对速度和位移
597,Interception,310.0,3,截距
598,Determining the Course for Closest Approach,310.0,3,确定最近接近路径
599,Conservation of Angular Momentum,310.0,3,角动量守恒
600,Couples,310.0,3,偶对
601,Stable and Unstable Equilibriums,311.0,3,稳定和不稳定平衡点
602,Equation of Motion from Differentiation,311.0,3,运动方程来自微分
603,Approximate Period of Small Oscillations about Stable Equilibrium,311.0,3,小振荡稳定平衡点附近的周期
604,Moment of Inertia for a System of Particles,312.0,3,质点系的转动惯量
605,Additive Property of Moment of Inertia,312.0,3,惯性矩的加性性质
606,Use of Integration to Find Moment of Inertia,312.0,3,使用积分求解转动惯量
607,Parallel and Perpendicular Axes Theorems,312.0,3,平行轴和垂直轴定理
608,Following Instructions,285.0,3,遵循指示
609,Following Flow Diagrams,285.0,3,遵循流程图
610,Bubble Sort,285.0,3,冒泡排序
611,Shuttle Sort,285.0,3,穿梭排序
612,Packing Algorithms,285.0,3,装箱算法
613,Eulerian and Semi-Eulerian Graphs,286.0,3,欧拉图和半欧拉图
614,Planar Graphs,286.0,3,平面图
615,Directed Graphs,286.0,3,有向图
616,Representing Networks by Matrices,286.0,3,用矩阵表示网络
617,Create Bipartite Graph or Adjacency Matrix,287.0,3,创建二部图或邻接矩阵
618,Convert between Bipartite Graph and Adjacency Matrix,287.0,3,在二部图和邻接矩阵之间转换
619,Use Initial Matching to Find an Improved Matching,287.0,3,使用初始匹配来找到一个改进的匹配
620,Find Complete Matching,287.0,3,寻找完全匹配
621,Spanning Trees,288.0,3,生成树
622,Prim's Algorithm,288.0,3,普里姆算法
623,Kruskal's Algorithm,288.0,3,克鲁斯卡尔算法
624,Dijkstra's Algorithm,289.0,3,迪杰斯特拉算法
625,Traversability,290.0,3,可遍历性
626,Chinese Postman Algorithm,290.0,3,中国邮递员算法
627,Nearest Neighbour Algorithm,291.0,3,最近邻算法
628,Upper Bound,291.0,3,上界
629,Lower Bound,291.0,3,下界
630,Tour Improvement Algorithm,291.0,3,旅行改进算法
631,Writing the Functions and Constraints,292.0,3,编写函数和约束条件
632,Representing the Problem Graphically,292.0,3,图形表示问题
633,Integer Solutions,292.0,3,整数解
634,Blending Problems,292.0,3,混合问题
635,Writing the Functions and Constraints,293.0,3,编写函数和约束条件
636,Tableau Format,293.0,3,表格格式
637,Carrying out the Simplex Algorithm,293.0,3,执行单纯形算法
638,Terminology,294.0,3,术语学
639,Maximum Flow - Minimum Cut Theorem,294.0,3,最大流-最小割定理
640,Labelling Procedure,294.0,3,标记过程
641,Minimum Capacities,294.0,3,最小容量
642,Activity Networks,295.0,3,活动网络
643,Earliest and Latest Starting Times,295.0,3,最早和最晚开始时间
644,Critical Activities,295.0,3,关键活动
645,Cascade Charts,295.0,3,瀑布图
646,Resource Levelling,295.0,3,资源均衡
647,Dynamic Programming Terminology,296.0,3,动态规划术语
648,Minimising and Maximising Problems,296.0,3,最小化和最大化问题
649,Function Machines,154.0,3,函数机
650,Maximin and Minimax Problems,296.0,3,最大最小值问题和最小最大值问题
651,Game Theory Terminology,297.0,3,博弈论术语
652,Stable Solutions,297.0,3,稳定解
653,Mixed Strategies,297.0,3,混合策略
654,Relating Quadratic Graphs to the Discriminant,55.0,3,将二次函数图像与判别式联系起来
655,Missing Lengths,178.0,3,缺失的长度
656,Co-ordinate Geometry with Straight Lines,54.0,3,坐标几何与直线
657,Isometric Drawings,176.0,3,等距画法
658,Unit Vectors,140.0,3,单位向量
1059,Best Value,46.0,3,最佳值
1076,Solving Trigonometric Equations,154.0,3,解三角方程
1077,Simplifying Algebraic Fractions,255.0,3,简化代数分数
1078,Adding and Subtracting Algebraic Fractions,255.0,3,加减代数分数
1079,Multiplying and Dividing Algebraic Fractions,255.0,3,乘除代数分数
1080,Solving Equations with Algebraic Fractions,255.0,3,用代数分数解方程
1081,Algebraic Proof,62.0,3,代数证明
1082,Recurring Decimals to Fractions,38.0,3,循环小数转换为分数
1156,Maths-Others,3.0,1,数学-其他
1157,Number-Others,32.0,2,数-其他
1158,Calculator Use-Others,35.0,3,计算器使用-其他
1159,Decimals-Others,36.0,3,小数-其他
1160,"Factors, Multiples and Primes-Others",37.0,3,因数、倍数和素数-其他
1161,"Fractions, Decimals and Percentage Equivalence-Others",38.0,3,分数、小数和百分比的等价-其他
1162,Fractions-Others,39.0,3,分数-其他
1163,"Indices, Powers and Roots-Others",40.0,3,指数、幂和根-其他
1164,Negative Numbers-Others,42.0,3,负数-其他
1165,Percentages-Others,44.0,3,百分比-其他
1166,Proportion-Others,45.0,3,比例-其他
1167,Ratio-Others,46.0,3,比例-其他
1168,Surds-Others,48.0,3,无理数-其他
1169,Algebra-Others,49.0,2,代数-其他
1170,Straight Line Graphs-Others,54.0,3,直线图-其他
1171,Quadratic Graphs-Others,55.0,3,二次函数图象-其他
1172,Inequalities-Others,59.0,3,不等式-其他
1173,Sequences-Others,61.0,3,序列-其他
1174,Writing and Simplifying Expressions-Others,62.0,3,编写和简化表达式-其他
1175,Transformation of Functions-Others,68.0,3,函数变换-其他
1176,Geometry and Measure-Others,71.0,2,几何与测量-其他
1177,Angles-Others,74.0,3,角度-其他
1178,Circles-Others,77.0,3,圆-其他
1179,Compound Measures-Others,79.0,3,复合度量-其他
1180,Co-ordinates-Others,81.0,3,坐标-其他
1181,"Construction, Loci and Scale Drawing-Others",83.0,3,构造、轨迹和比例尺绘图-其他
1182,Symmetry-Others,91.0,3,对称-其他
1183,Basic Trigonometry-Others,97.0,3,基础三角学-其他
1184,Units of Measurement-Others,98.0,3,测量单位-其他
1185,Basic Vectors-Others,99.0,3,基本向量-其他
1186,Volume and Surface Area-Others,100.0,3,体积和表面积-其他
1187,Data and Statistics-Others,101.0,2,数据与统计-其他
1188,Data Collection-Others,113.0,3,数据收集-其他
1189,Advanced Pure-Others,119.0,2,高级纯数学-其他
1190,Binomial Expansion-Others,121.0,3,二项式展开-其他
1191,Complex Numbers-Others,122.0,3,复数-其他
1192,Conic Sections-Others,123.0,3,圆锥曲线-其他
1193,Differentiation-Others,126.0,3,微分-其他
1194,Exponentials and Logarithms-Others,128.0,3,指数函数与对数函数-其他
1195,Integration-Others,129.0,3,积分-其他
1196,Matrices-Others,130.0,3,矩阵-其他
1197,Parametric Equations-Others,133.0,3,参数方程-其他
1198,Sequences and Series-Others,137.0,3,数列与级数-其他
1199,Advanced Trigonometry-Others,139.0,3,高等三角学-其他
1200,Advanced Vectors-Others,140.0,3,高级向量-其他
1201,Rounding and Estimating-Others,141.0,3,舍入与估算-其他
1202,Advanced Algebra-Others,142.0,3,高等代数-其他
1203,Basic Arithmetic-Others,144.0,3,基本算术-其他
1204,Functions-Others,146.0,3,函数-其他
1205,Advanced Mechanics-Others,149.0,2,高等力学-其他
1206,Advanced Decision-Others,150.0,2,高级决策-其他
1207,Advanced Statistics-Others,151.0,2,高级统计学-其他
1208,Expanding Brackets-Others,152.0,3,展开括号-其他
1209,Factorising-Others,153.0,3,因式分解-其他
1210,Solving Equations-Others,154.0,3,解方程-其他
1211,Formula-Others,156.0,3,公式-其他
1212,Other Graphs-Others,158.0,3,其他图表-其他
1213,2D Names and Properties of Shapes-Others,174.0,3,2D图形的名称和性质-其他
1214,3D Shapes-Others,176.0,3,3D图形-其他
1215,Perimeter and Area-Others,178.0,3,周长和面积-其他
1216,Algebraic Fractions-Others,255.0,3,代数分数-其他
1217,Pythagoras-Others,271.0,3,毕达哥拉斯-其他
1218,Similarity and Congruency-Others,272.0,3,相似与全等-其他
1219,Transformations-Others,278.0,3,变换-其他
1220,Algorithms-Others,285.0,3,算法-其他
1221,Graphs and Networks-Others,286.0,3,图与网络-其他
1222,Bipartite Graphs-Others,287.0,3,二部图-其他
1223,Minimum Connector Problems-Others,288.0,3,最小连接问题-其他
1224,Finding the Shortest Path-Others,289.0,3,寻找最短路径-其他
1225,Route Inspection-Others,290.0,3,路线检查-其他
1226,Travelling Salesperson-Others,291.0,3,旅行推销员-其他
1227,Linear Programming-Others,292.0,3,线性规划-其他
1228,Simplex Algorithm-Others,293.0,3,单纯形算法-其他
1229,Network Flows-Others,294.0,3,网络流-其他
1230,Critical Path Analysis-Others,295.0,3,关键路径分析-其他
1231,Dynamic Programming-Others,296.0,3,动态规划-其他
1232,Game Theory-Others,297.0,3,博弈论-其他
1233,Kinematics-Others,298.0,3,运动学-其他
1234,"Momentum, Collisions and Impulse-Others",299.0,3,动量、碰撞和冲量-其他
1235,Vectors in Mechanics-Others,300.0,3,力学中的向量-其他
1236,Forces and Equilibrium-Others,301.0,3,力与平衡-其他
1237,Newton’s Laws of Motion-Others,302.0,3,牛顿的运动定律-其他
1238,Projectiles-Others,303.0,3,抛射体-其他
1239,"Work, Energy and Power-Others",304.0,3,功、能与功率-其他
1240,Centre of Mass-Others,305.0,3,质心-其他
1241,Uniform and Non-Uniform Circular Motion-Others,306.0,3,匀速和非匀速圆周运动-其他
1242,Simple Harmonic Motion-Others,307.0,3,简谐运动-其他
1243,Elastic Springs and Strings-Others,308.0,3,弹性弹簧和弦-其他
1244,Relative Velocity-Others,309.0,3,相对速度-其他
1245,Angular Motion-Others,310.0,3,角运动-其他
1246,Stability and Oscillations-Others,311.0,3,稳定性与振荡-其他
1247,Moment of Inertia-Others,312.0,3,转动惯量-其他
1248,Advanced Measures of Variation-Others,313.0,3,高级变异度量-其他
1249,Coding-Others,314.0,3,编码-其他
1250,Permutations and Combinations-Others,315.0,3,排列与组合-其他
1251,Correlation-Others,316.0,3,相关-其他
1252,Regression-Others,317.0,3,回归-其他
1253,Discrete Random Variables-Others,318.0,3,离散随机变量-其他
1254,Continuous Random Variables-Others,319.0,3,连续随机变量-其他
1255,Binomial Distribution-Others,320.0,3,二项分布-其他
1256,Normal Distribution-Others,321.0,3,正态分布-其他
1257,Student t Distribution-Others,322.0,3,学生t分布-其他
1258,Confidence Intervals-Others,323.0,3,置信区间-其他
1259,Hypothesis Testing-Others,324.0,3,假设检验-其他
1260,Geometric Distribution-Others,325.0,3,几何分布-其他
1261,Poisson Distribution-Others,326.0,3,泊松分布-其他
1262,Chi-Squared Distribution-Others,327.0,3,卡方分布-其他
1263,Money-Others,331.0,3,货币-其他
1264,Data Processing-Others,338.0,3,数据处理-其他
1265,Data Representation-Others,342.0,3,数据表示-其他
1266,Probability-Others,348.0,3,概率-其他
1267,Radians-Others,411.0,3,弧度-其他
1268,Numerical Methods-Others,425.0,3,数值方法-其他
1269,Roots of Polynomials-Others,451.0,3,多项式的根-其他
1270,Further Functions-Others,463.0,3,进一步的函数-其他
1271,Group Theory-Others,470.0,3,群论-其他
1636,Systematic Listing Strategies,144.0,3,系统性列举策略
1637,Limits of Functions,463.0,3,函数的极限
1638,Continuity of Functions,463.0,3,函数的连续性
1639,Graphs of Irrational Functions,463.0,3,无理函数的图像
1647,Scale Drawing and Maps,46.0,3,比例绘图与地图
1648,Surface Area of Non-Prisms,100.0,3,非棱柱的表面积
1649,Volume of Non-Prisms,100.0,3,非棱柱体的体积
1650,Frequency Trees,342.0,3,频率树
1651,3D Trigonometry,97.0,3,三维三角学
1675,Limiting Values of Sequences,137.0,3,序列的极限值
1676,Roman Numerals,144.0,3,罗马数字
1750,Pressure,79.0,3,压力
1975,Combining Operations,144.0,3,运算组合
1976,Frequency tables,113.0,3,频率表
1977,Mixed operation Negative Numbers,42.0,3,混合运算负数
1978,Mixed operation Decimals,36.0,3,混合运算小数
1980,Types of number,32.0,2,数的类型
1981,Fractional Change,39.0,3,分数变化
1982,Mixed operation Fractions,39.0,3,混合运算分数
1983,Drawing Axes,54.0,3,绘制坐标轴
1984,Quadratic inequalities on Number Lines,59.0,3,数轴上的二次不等式
1985,Reading Scales,98.0,3,读取刻度
1986,Multiply a vector by a scalar,99.0,3,将向量乘以标量
1987,Sorting Shapes,174.0,3,分类图形
1988,Labelling Shapes,174.0,3,标记形状
1989,Correct units of measurement,178.0,3,正确的测量单位
692,Physics,1642.0,1,物理学
698,Forces and Motion,692.0,2,力与运动
700,Speed and Distance-Time graphs,698.0,3,速度与距离-时间图
1642,Science,,0,科学
